,Unnamed: 0,prot_pair_index,meso_seq,thermo_seq,meso_ogt,thermo_ogt,scaled_local_symmetric_percent_id,local_E_value,scaled_local_query_percent_id,local_gap_compressed_percent_id
0,1256842,126227630,MLLSDRDLVSEIKSGDLSLEPFEPALLQPSSIDVRLDRFFRVFNNH...,MLLSDRDLRKELESGRLELDPFDPAMLQPSSIDVRLDRFFRVFDNT...,27.5,45,0.777202,0,0.773196,0.802139
1,1456567,169784592,MRFEGTSGYVATDDLKVAVNAAIALERPLLVKGEPGTGKTVLAVEV...,MKFTGSDSYVATEDLMIAVNAAVTLERPLLVKGEPGTGKTELARQV...,30,54,0.782143,0,0.784946,0.784946
2,874464,31933768,MAYETINVDVQDHVCLIKLHRPEALNALNAALVSELCTALEEADAS...,MAYKTIIVEIEDHVALIKLNRPEALNALNSELLGELAQAVTEADAN...,19.5,54,0.775194,0,0.775194,0.775194
3,560201,32409414,MAIRKYKPTTPGRRGSSVADFAEITRSTPEKSLLRPLSKTGGRNNQ...,MGIRKYKPTTPGRRGASVADFVELTRREPEKSLLRPLPKKGGRNNR...,28,52.5,0.78777,0,0.790614,0.802198
4,33257,175862226,MLQRLQDRVAVVTGGGSGIGLATVRRFAAEGAKVVVADIDAAAGEA...,MSEDIICRRLTGRTAVVTGAGSGIGLASARRLASEGANVVCADVDE...,28,45,0.78835,0,0.780769,0.802372
...,...,...,...,...,...,...,...,...,...,...
9995,458544,42061208,MRFVIARCQVDYVGRLTAHLPMANRLVMVKSDGSVLVHSDGGSYKP...,MRLVIARCQVDYVGRLTAHLPMAQRLLLIKADGSVSVHSDDRAYKP...,28,45,0.872146,0,0.872146,0.872146
9996,469612,165123678,MKPIVGSIVALITPMHEDGSVDYPALRKLIDWHIAEGTDCIGVVGT...,MTSSRVTLTGSIVALVTPMHEDGSVDYPTLRKLIDWHIAQGTDCIS...,30,48,0.764805,0,0.758389,0.776632
9997,226964,71308777,MSFFAPKTVVSAHCDLPCGVYDPAQARIEAESIKAVAEKYQANTDP...,MLSRLFAPTVEVSAHCDLPCGVYDPAQARIEAQSIKAIIEKYHASD...,30,52.5,0.777358,0,0.768657,0.804688
9998,123183,137720058,MRLVIARCSVDYVGRLTAHLPMATRLLLVKADGSVSVHADDRAYKP...,MRLVIARCQVDYHGRLTAHLPMATRLVLIKADGSVSIHSDDRAYKP...,32,50,0.737557,0,0.744292,0.740909
9999,1089341,168855132,MTSPKQQQCGFVAVIGAPNAGKSTLVNAMVGQKVAIVSAKAQTTRA...,MTEKCGLVAVLGAPNAGKSTLVNTLVGQKVAIVSAKAQTTRARLLG...,25,41,0.745819,0,0.750842,0.755932